CACODE	CONSTITUENCY	CAND_NUM	NAME	RESULT	VOTE
A01	CHUNG WAN	1	HUI CHI FUNG	1,090*	1090
A01	CHUNG WAN	2	LAU WAI YAN VIENNA	940	940
A02	MID LEVELS EAST	1	NG SIU HONG	1,521*	1521
A02	MID LEVELS EAST	2	CHEUNG YICK HUNG JACKIE	1,466	1466
A03	CASTLE ROAD	1	CHENG LAI KING	1,457*	1457
A03	CASTLE ROAD	2	NG LUNG FEI	1,311	1311
A04	PEAK	1	CHAN SHU MOON	317	317
A04	PEAK	2	CHAN HO LIM JOSEPH	1,837*	1837
A05	UNIVERSITY	1	LAU EDWARD WAI TAK	1,455	1455
A05	UNIVERSITY	2	CHAN CHIT KWAI(STEPHEN)	1,844*	1844
A06	KENNEDY TOWN & MOUNT DAVIS	1	SIN CHEUK NAM	1,072	1072
A06	KENNEDY TOWN & MOUNT DAVIS	2	CHOW SAI KIT	838	838
A06	KENNEDY TOWN & MOUNT DAVIS	3	CHAN HOK FUNG	1,859*	1859
A07	KWUN LUNG	1	LEUNG CHUNG HANG SIXTUS	1,569	1569
A07	KWUN LUNG	2	YEUNG HOI WING	2,491*	2491
A08	SAI WAN	1	CHONG WING FAI WINFIELD	1,898	1898
A08	SAI WAN	2	CHEUNG KWOK KWAN	2,011*	2011
A09	BELCHER	1	YIP WING SHING	2,397*	2397
A09	BELCHER	2	YEUNG SUI YIN(VICTOR)	2,328	2328
A10	SHEK TONG TSUI	1	YIP KAM LUNG SAM	1,336	1336
A10	SHEK TONG TSUI	2	CHAN CHOI HI	1,898*	1898
A11	SAI YING PUN	1	LO YEE HANG	1,790*	1790
A11	SAI YING PUN	2	NG WING TAK	1,204	1204
A12	SHEUNG WAN	1	LUI HUNG PAN(BEN LUI)	1,344	1344
A12	SHEUNG WAN	2	KAM NAI WAI	1,436*	1436
A13	TUNG WAH	1	SIU KA YI	1,352*	1352
A13	TUNG WAH	2	HO CHUN KI FREDERICK	980	980
A14	CENTRE STREET	1	CHEUNG KAI YIN	1,621	1621
A14	CENTRE STREET	2	LEE CHI HANG SIDNEY	1,654*	1654
A15	WATER STREET	1	YEUNG HOK MING	1,878*	1878
A15	WATER STREET	2	NG HOI YAN BONNIE	1,619	1619
B01	HENNESSY	1	CHENG KI KIN	1,590*	1590
B01	HENNESSY	2	CHEONG MAN LEI	760	760
B02	OI KWAN	1	WONG SUI LUNG	915	915
B02	OI KWAN	2	TANG KING YUNG ANNA	1,367*	1367
B03	CANAL ROAD	1	HO GLORIA WING KA	723	723
B03	CANAL ROAD	2	CHUNG KA MAN JACQUELINE	1,018*	1018
B04	VICTORIA PARK	1	CHOW KIT BING JENNIFER	Uncontested	NA
B05	TIN HAU	1	LEE MAN LUNG JOEY	2,236*	2236
B05	TIN HAU	2	CHAN KIN KWOK	1,021	1021
B06	CAUSEWAY BAY	1	NG YUEN TING YOLANDA	Uncontested	NA
B07	TAI HANG	1	WONG CHING CHI GIGI	1,148	1148
B07	TAI HANG	2	YEUNG SUET YING CLARISSE	1,398*	1398
B08	JARDINE'S LOOKOUT	1	LAM WAI MAN WIND(ANSON)	1,479*	1479
B08	JARDINE'S LOOKOUT	2	LAI DAVID	1,098	1098
B09	BROADWOOD	1	MAK KWOK FUNG MICHAEL	939	939
B09	BROADWOOD	2	SIU SEE KONG	141	141
B09	BROADWOOD	3	TSE WAI CHUN PAUL	1,350*	1350
B10	HAPPY VALLEY	1	NG KAM CHUN(STEPHEN)	1,377*	1377
B10	HAPPY VALLEY	2	CHIEN KA WO KELVIN	900	900
B11	STUBBS ROAD	1	WONG WANG TAI(IVAN)	1,150*	1150
B11	STUBBS ROAD	2	AU LAI CHONG	642	642
B12	SOUTHORN	1	YEUNG YAU FUNG	437	437
B12	SOUTHORN	2	LEE PIK YEE	1,463*	1463
B13	TAI FAT HAU	1	LEE KWUN YEE KENNY	1,505*	1505
B13	TAI FAT HAU	2	LEUNG PAK KIN	793	793
C01	TAI KOO SHING WEST	1	CHIU KA YIN ANDREW(ANDREW CHIU)	3,362*	3362
C01	TAI KOO SHING WEST	2	NG CHI LUNG(TONY)	1,268	1268
C02	TAI KOO SHING EAST	1	TSE TSZ KEI(MARCUS)	2,587	2587
C02	TAI KOO SHING EAST	2	WONG CHUN SING PATRICK	2,674*	2674
C03	LEI KING WAN	1	WONG HUK KAM	1,612	1612
C03	LEI KING WAN	2	YEUNG SZE CHUN	2,008*	2008
C03	LEI KING WAN	3	FU YUEN CHEUNG ALEXANDER(ALEX FU)	955	955
C03	LEI KING WAN	4	HO CHIU KWONG PAUL	211	211
C04	ALDRICH BAY	1	NGAN CHUN LIM	2,720*	2720
C04	ALDRICH BAY	2	CHAN KAR PAK	2,401	2401
C05	SHAUKEIWAN	1	LEUNG WING SZE	1,429	1429
C05	SHAUKEIWAN	2	LAM SUM LIM	1,444*	1444
C05	SHAUKEIWAN	3	POON WING YIN	107	107
C06	A KUNG NGAM	1	TO BOON MAN DANIEL	1,696	1696
C06	A KUNG NGAM	2	LAM KEI TUNG GEORGE	1,810*	1810
C06	A KUNG NGAM	3	HUNG CHI KIT	1,112	1112
C07	HENG FA CHUEN	1	YEUNG WAI HONG(DR. MARTIN)	610	610
C07	HENG FA CHUEN	2	CHOW WING YEE	2,025	2025
C07	HENG FA CHUEN	3	HO NGAI KAM STANLEY(STANLEY)	3,642*	3642
C08	TSUI WAN	1	KU KWAI YIU	1,629*	1629
C08	TSUI WAN	2	WAN TSZ FUNG JEFF	69	69
C08	TSUI WAN	3	KWAN SHUI LUNG	1,572	1572
C08	TSUI WAN	4	LAI LEUNG SIU KWAN	1,181	1181
C09	YAN LAM	1	WONG KIN HING	Uncontested	NA
C10	SIU SAI WAN	1	WONG KWOK HING	1,981*	1981
C10	SIU SAI WAN	2	CHU YAT ON	783	783
C10	SIU SAI WAN	3	TAM TAK CHI	1,229	1229
C11	KING YEE	1	WONG KWAN FUNG	195	195
C11	KING YEE	2	YEUNG HON SING	1,950	1950
C11	KING YEE	3	CHAN YIU TAK	930	930
C11	KING YEE	4	LEUNG KWOK HUNG DAVID	2,257*	2257
C12	WAN TSUI	1	NG YIN KEUNG	1,436	1436
C12	WAN TSUI	2	KUNG PAK CHEUNG	2,227*	2227
C13	FEI TSUI	1	LI LEE(LILY LEE)	1,797	1797
C13	FEI TSUI	2	LAI CHI KEONG JOSEPH	2,314*	2314
C13	FEI TSUI	3	LUI CHI MAN	114	114
C14	MOUNT PARKER	1	WONG KIN PAN	Uncontested	NA
C15	BRAEMAR HILL	1	SHIU KA FAI	Uncontested	NA
C16	FORTRESS HILL	1	LO WING KWAN FRANKIE(LO SHAN)	Uncontested	NA
C17	CITY GARDEN	1	HUI CHING ON	Uncontested	NA
C18	PROVIDENT	1	KWOK WAI KEUNG	Uncontested	NA
C19	FORT STREET	1	HUNG LIN CHAM	Uncontested	NA
C20	KAM PING	1	CHOY SO YUK	Uncontested	NA
C21	TANNER	1	CHENG TAT HUNG	2,338*	2338
C21	TANNER	2	TSANG CHEUK YI	2,039	2039
C22	HEALTHY VILLAGE	1	CHENG CHI SING	Uncontested	NA
C23	QUARRY BAY	1	IP CHEE TAK	1,010	1010
C23	QUARRY BAY	2	TING KONG HO EDDIE	1,656*	1656
C24	NAM FUNG	1	YANG MO	1,182	1182
C24	NAM FUNG	2	LI CHAK SUM	42	42
C24	NAM FUNG	3	CHEUNG KWOK CHEONG	3,343*	3343
C25	KORNHILL	1	WONG PO YI	29	29
C25	KORNHILL	2	LEUNG WING MAN(BONNIE)	2,535*	2535
C25	KORNHILL	3	HUNG LUNG CHUEN	2,443	2443
C26	KORNHILL GARDEN	1	KONG YUK FOON DOREEN	1,814	1814
C26	KORNHILL GARDEN	2	LEUNG SIU SUN	2,384*	2384
C27	HING TUNG	1	TSANG KWOK FAI	2,808	2808
C27	HING TUNG	2	HUI LAM HING	3,310*	3310
C28	SAI WAN HO	1	KONG CHACK HO	1,956	1956
C28	SAI WAN HO	2	MAK TAK CHING	2,222*	2222
C29	LOWER YIU TUNG	1	WONG CHI CHUNG(DOMINIC)	1,658*	1658
C29	LOWER YIU TUNG	2	NG KAM WAI	977	977
C29	LOWER YIU TUNG	3	WONG SZE CHIN RICKY(RICKY)	992	992
C30	UPPER YIU TUNG	1	CHIU CHI KEUNG	Uncontested	NA
C31	HING MAN	1	CHEUNG CHUN PONG	1,391	1391
C31	HING MAN	2	LAU HING YEUNG	2,470*	2470
C32	LOK HONG	1	TSANG KIN SHING(THE BULL)	1,969	1969
C32	LOK HONG	2	LUN MAN KIT	48	48
C32	LOK HONG	3	LI CHUN CHAU	2,396*	2396
C33	TSUI TAK	1	LEE CHUN KEUNG	2,351*	2351
C33	TSUI TAK	2	LI KIN HANG	979	979
C34	YUE WAN	1	CHUNG SHU KUN CHRISTOPHER(CHRIS CHUNG)	1,863	1863
C34	YUE WAN	2	CHUI CHI KIN	2,026*	2026
C35	KAI HIU	1	CHIK KIT LING ELAINE	1,514	1514
C35	KAI HIU	2	LAM CHUI LIN(ALICE)	2,241*	2241
D01	ABERDEEN	1	MAN HO KEUNG ZICO	1,598	1598
D01	ABERDEEN	2	LEE KIT HING	621	621
D01	ABERDEEN	3	YAM PAULINE	1,936*	1936
D01	ABERDEEN	4	HO WAI CHUN	226	226
D02	AP LEI CHAU ESTATE	1	LAM YUK CHUN	Uncontested	NA
D03	AP LEI CHAU NORTH	1	LEUNG KWOK KEUNG	755	755
D03	AP LEI CHAU NORTH	2	CHEUNG SIK YUNG	1,556*	1556
D04	LEI TUNG I	1	WONG YUN KEI	177	177
D04	LEI TUNG I	2	LI KA YING	1,810	1810
D04	LEI TUNG I	3	AU NOK HIN	3,068*	3068
D05	LEI TUNG II	1	LO KIN HEI	2,564*	2564
D05	LEI TUNG II	2	TSOI MAN LUNG TIMOTHY	119	119
D05	LEI TUNG II	3	PANG SIU KEI	1,854	1854
D05	LEI TUNG II	4	TANG KA LOK	21	21
D06	SOUTH HORIZONS EAST	1	CHAN KA LOK(DR. KENNETH CHAN)	1,845	1845
D06	SOUTH HORIZONS EAST	2	LAM KAI FAI	2,180*	2180
D06	SOUTH HORIZONS EAST	3	AU YUEN FAT JOSEPH	643	643
D07	SOUTH HORIZONS WEST	1	YUEN MI MING ERICA	2,245	2245
D07	SOUTH HORIZONS WEST	2	CHAN JUDY KAPUI	2,945*	2945
D08	WAH KWAI	1	LAU PAK TUNG(DANIEL LAU)	94	94
D08	WAH KWAI	2	YEUNG SIU PIK	2,652	2652
D08	WAH KWAI	3	MAK TSE HOW LING ADA	2,699*	2699
D09	WAH FU SOUTH	1	AU LAP SING	1,632*	1632
D09	WAH FU SOUTH	2	LI SHEE LIN	1,629	1629
D10	WAH FU NORTH	1	WONG CHOI LAP	2,089	2089
D10	WAH FU NORTH	2	LAW YUET WAH	21	21
D10	WAH FU NORTH	3	CHAI MAN HON	2,408*	2408
D10	WAH FU NORTH	4	WUN KEI YAN	29	29
D11	POKFULAM	1	YOUNG CHIT ON JEREMY	1,144	1144
D11	POKFULAM	2	ZIMMERMAN PAULUS JOHANNES(PAUL ZIMMERMAN)	1,952*	1952
D12	CHI FU	1	CHU CHING HONG	2,762*	2762
D12	CHI FU	2	YIU CHUNG YIM	2,223	2223
D13	TIN WAN	1	CHAN FU MING	Uncontested	NA
D14	SHEK YUE	1	CHU LAP WAI	Uncontested	NA
D15	WONG CHUK HANG	1	CHAN WING YAN	2,190	2190
D15	WONG CHUK HANG	2	TSUI YUEN WA	2,645*	2645
D16	BAYS AREA	1	SCHAUS DAVID JOHN(DAVID SCHAUS)	474	474
D16	BAYS AREA	2	FUNG SE GOUN FERGUS	957*	957
D17	STANLEY & SHEK O	1	TSANG TSZ HO	408	408
D17	STANLEY & SHEK O	2	YAO JIE NING MAXINE	752	752
D17	STANLEY & SHEK O	3	LEE PUI YING(CHAN LEE PUI YING)	1,832*	1832
E01	TSIM SHA TSUI WEST	1	LAU CHI HUNG	828	828
E01	TSIM SHA TSUI WEST	2	HUNG CHIU WAH(DEREK)	1,213*	1213
E02	JORDAN SOUTH	1	IP NGO TUNG CHRIS	1,531*	1531
E02	JORDAN SOUTH	2	LUI NGAR YEE JOEY	524	524
E03	JORDAN WEST	1	CHAN SIU TONG	Uncontested	NA
E04	YAU MA TEI SOUTH	1	AU YEUNG TUNG	1,298	1298
E04	YAU MA TEI SOUTH	2	YEUNG TSZ HEI(BENNY)	2,124*	2124
E05	CHARMING	1	LEE WAI FUNG	2,053	2053
E05	CHARMING	2	CHUNG KONG MO	2,473*	2473
E06	MONG KOK WEST	1	HUI TAK LEUNG	Uncontested	NA
E07	FU PAK	1	YU TAK PO	2,859*	2859
E07	FU PAK	2	LAW SIU HUNG PAUL	1,924	1924
E08	OLYMPIC	1	KO HIU WING(PATRICK)	1,414	1414
E08	OLYMPIC	2	TO KUN SUN JAMES	1,531*	1531
E09	CHERRY	1	LAM HO YEUNG	858	858
E09	CHERRY	2	CHUNG CHAK FAI	1,611*	1611
E09	CHERRY	3	NAKADE HITSUJIKO	172	172
E10	TAI KOK TSUI SOUTH	1	LAI YIU CHUN	1,362	1362
E10	TAI KOK TSUI SOUTH	2	CHOI SIU FUNG BENJAMIN	1,608*	1608
E11	TAI KOK TSUI NORTH	1	WONG KA YING	1,363	1363
E11	TAI KOK TSUI NORTH	2	LAU PAK KEI	2,633*	2633
E12	TAI NAN	1	CHIU YUK KWONG	606	606
E12	TAI NAN	2	FUNG JOSHUA MAN TAO	962	962
E12	TAI NAN	3	CHONG WING CHARN FRANCIS	1,424*	1424
E13	MONG KOK NORTH	1	WONG SHU MING	1,712*	1712
E13	MONG KOK NORTH	2	WONG KA CHUN	869	869
E14	MONG KOK EAST	1	TSE JEFFERSON KELLER	112	112
E14	MONG KOK EAST	2	WONG KIN SAN	1,442*	1442
E14	MONG KOK EAST	3	LAU CHUN YIP	1,172	1172
E15	MONG KOK SOUTH	1	CHOW CHUN FAI	Uncontested	NA
E16	YAU MA TEI NORTH	1	MAN YUN WA	689	689
E16	YAU MA TEI NORTH	2	LAM KIN MAN	1,682*	1682
E17	EAST TSIM SHA TSUI & KING'S PARK	1	CHAN MAN YU HENRY	681	681
E17	EAST TSIM SHA TSUI & KING'S PARK	2	TANG MING SUM MICHELLE	852*	852
E18	TSIM SHA TSUI CENTRAL	1	LIU SIU FAI	486	486
E18	TSIM SHA TSUI CENTRAL	2	KWAN SAU LING	1,099*	1099
E19	JORDAN NORTH	1	JO CHUN WAH(CRAIG)	941*	941
E19	JORDAN NORTH	2	CHICK CHI LEUNG	386	386
F01	PO LAI	1	TSE HIU HUNG	1,664	1664
F01	PO LAI	2	LEUNG YAU FONG	1,929*	1929
F02	CHEUNG SHA WAN	1	LAM KA FAI AARON	1,491*	1491
F02	CHEUNG SHA WAN	2	LAM SHUI HUM	246	246
F02	CHEUNG SHA WAN	3	LEE MAN HO LEOS	1,307	1307
F03	NAM CHEONG NORTH	1	CHENG WING SHUN VINCENT	1,461*	1461
F03	NAM CHEONG NORTH	2	CHAN WING FAI JORDAN	796	796
F04	SHEK KIP MEI	1	CHAN KWOK WAI	2,847*	2847
F04	SHEK KIP MEI	2	TSUNG PO SHAN	2,088	2088
F05	NAM CHEONG EAST	1	HO KAI MING KALVIN	1,727*	1727
F05	NAM CHEONG EAST	2	MIU HOI MING	1,287	1287
F06	NAM CHEONG SOUTH	1	LAM WAI TONG	786	786
F06	NAM CHEONG SOUTH	2	LEE WING MAN	1,544*	1544
F07	NAM CHEONG CENTRAL	1	LAU PUI YUK	1,284*	1284
F07	NAM CHEONG CENTRAL	2	MAK WAI MING	538	538
F08	NAM CHEONG WEST	1	HEUNG MING HAU	1,217	1217
F08	NAM CHEONG WEST	2	WAI WOON NAM	1,873*	1873
F09	FU CHEONG	1	LI KWING	2,130	2130
F09	FU CHEONG	2	LEUNG MAN KWONG	2,973*	2973
F10	LAI KOK	1	CHAN WING YAN	2,531*	2531
F10	LAI KOK	2	WONG CHUNG KI ERIC	215	215
F10	LAI KOK	3	FUNG KIN KEE FREDERICK	2,432	2432
F11	FORTUNE	1	CHEUNG TAK WAI	1,898	1898
F11	FORTUNE	2	CHOW WING HENG(ZOE)	2,137*	2137
F12	LAI CHI KOK SOUTH	1	YEUNG YUK	3,477*	3477
F12	LAI CHI KOK SOUTH	2	TAN WIE HON DERRICK	1,191	1191
F12	LAI CHI KOK SOUTH	3	MUI YU	94	94
F13	MEI FOO SOUTH	1	TZENG LI WEN JUDY	179	179
F13	MEI FOO SOUTH	2	WONG TAK CHUEN JOE	2,193	2193
F13	MEI FOO SOUTH	3	WONG TAT TUNG	2,421*	2421
F14	MEI FOO CENTRAL	1	NG YUET LAN	1,803*	1803
F14	MEI FOO CENTRAL	2	SHUM SIU HUNG	1,675	1675
F14	MEI FOO CENTRAL	3	CHAN CHUNG KONG STEPHEN	241	241
F15	MEI FOO NORTH	1	CHEUNG WING SUM AMBROSE	2,636*	2636
F15	MEI FOO NORTH	2	LI CHUN HEI JOSHUA	1,816	1816
F16	LAI CHI KOK CENTRAL	1	LI KI FUNG BRUCE(BRUCE)	2,229	2229
F16	LAI CHI KOK CENTRAL	2	YUEN HOI MAN(RAMON)	2,353*	2353
F17	LAI CHI KOK NORTH	1	CHUM TAK SHING	1,173*	1173
F17	LAI CHI KOK NORTH	2	WU SAI CHUEN	64	64
F17	LAI CHI KOK NORTH	3	WONG KING(DR.KING)	877	877
F18	UN CHAU & SO UK	1	CHAN WAI MING	3,491*	3491
F18	UN CHAU & SO UK	2	FONG CHI LUNG	1,160	1160
F19	LEI CHENG UK	1	KONG KWAI SANG	2,335*	2335
F19	LEI CHENG UK	2	CHAN KENG CHAU	2,124	2124
F20	HA PAK TIN	1	YAN KAI WING	2,320*	2320
F20	HA PAK TIN	2	TANG MEI CHING(SALLY)	1,152	1152
F21	YAU YAT TSUEN	1	CHAU DICKSON KA FAAT	982	982
F21	YAU YAT TSUEN	2	LEE TSZ KING DOMINIC(DOMINIC)	2,277*	2277
F22	NAM SHAN, TAI HANG TUNG & TAI HANG SAI	1	WAI HOI YING	1,991	1991
F22	NAM SHAN, TAI HANG TUNG & TAI HANG SAI	2	TAM KWOK KIU	2,563*	2563
F22	NAM SHAN, TAI HANG TUNG & TAI HANG SAI	3	FOO WAI LOK	54	54
F23	LUNG PING & SHEUNG PAK TIN	1	CHENG CHI HONG	161	161
F23	LUNG PING & SHEUNG PAK TIN	2	LAM WAI MAN RAYMOND	1,678	1678
F23	LUNG PING & SHEUNG PAK TIN	3	NG MEI CARMAN	2,454*	2454
G01	MA TAU WAI	1	SIU TIN HUNG(TERENCE)	2,670*	2670
G01	MA TAU WAI	2	MOK KA HAN ROSANDA	2,625	2625
G02	MA HANG CHUNG	1	WONG YUN CHEONG	1,618	1618
G02	MA HANG CHUNG	2	LAU SHU YIN	148	148
G02	MA HANG CHUNG	3	LAI KWONG WAI	1,663*	1663
G03	MA TAU KOK	1	KWAN HO YEUNG	1,790*	1790
G03	MA TAU KOK	2	AU WING HO	768	768
G04	LOK MAN	1	YANG WING KIT	2,310*	2310
G04	LOK MAN	2	PONG YAT MING	1,561	1561
G05	SHEUNG LOK	1	CHAN KA LING JUDY	209	209
G05	SHEUNG LOK	2	LUK KING KWONG	2,776*	2776
G05	SHEUNG LOK	3	WONG WING KIT	2,332	2332
G06	HO MAN TIN	1	CHENG LEE MING	2,376*	2376
G06	HO MAN TIN	2	CHAN LAI KWAN	1,852	1852
G07	KADOORIE	1	WONG CHI	1,333	1333
G07	KADOORIE	2	LAU HOK WAI	92	92
G07	KADOORIE	3	SIU LEONG SING	2,378*	2378
G08	PRINCE	1	TING KIN WA	Uncontested	NA
G09	KOWLOON TONG	1	HO HIN MING	Uncontested	NA
G10	LUNG SHING	1	WONG MAN SING	395	395
G10	LUNG SHING	2	NG PO KEUNG	2,021*	2021
G11	SUNG WONG TOI	1	YEUNG CHUN YU	2,015*	2015
G11	SUNG WONG TOI	2	IP CHI WAI ALEXANDER	502	502
G11	SUNG WONG TOI	3	CHENG CHUN WAH GARY	694	694
G12	KAI TAK NORTH	1	LEUNG YUEN TING	2,610*	2610
G12	KAI TAK NORTH	2	LAM HEI TING MIRANDA	73	73
G12	KAI TAK NORTH	3	CHAN PO YUK	16	16
G12	KAI TAK NORTH	4	LI TING FUNG	932	932
G13	KAI TAK SOUTH	1	HE HUAHAN	2,199*	2199
G13	KAI TAK SOUTH	2	SO YEE MAN	763	763
G14	HOI SHAM	1	PUN KWOK WAH	2,478*	2478
G14	HOI SHAM	2	LEE KA WAI	654	654
G15	TO KWA WAN NORTH	1	SHUM TAI FUNG	204	204
G15	TO KWA WAN NORTH	2	LAM YI LAI	177	177
G15	TO KWA WAN NORTH	3	LEE WAI KING STARRY	1,544*	1544
G16	TO KWA WAN SOUTH	1	LAM POK	1,719*	1719
G16	TO KWA WAN SOUTH	2	CHONG LAI LING	1,020	1020
G17	HOK YUEN LAGUNA VERDE	1	YEUNG KE CHEONG	950	950
G17	HOK YUEN LAGUNA VERDE	2	YUE CHEE WING ADMOND	1,607*	1607
G17	HOK YUEN LAGUNA VERDE	3	SIU YUEN SHEUNG	1,139	1139
G18	WHAMPOA EAST	1	LAW SHEK MING	596	596
G18	WHAMPOA EAST	2	LEUNG MEI FUN	2,345*	2345
G18	WHAMPOA EAST	3	YAU WAI CHING	2,041	2041
G19	WHAMPOA WEST	1	KWONG PO YIN	2,114*	2114
G19	WHAMPOA WEST	2	LAU WAI WING	2,075	2075
G20	HUNG HOM BAY	1	LI CALVIN KAM CHEONG	47	47
G20	HUNG HOM BAY	2	FUNG KING MAN VIRGINIA	162	162
G20	HUNG HOM BAY	3	CHIU SHI SHUN	1,740	1740
G20	HUNG HOM BAY	4	CHEUNG YAN HONG	1,811*	1811
G21	HUNG HOM	1	YUM KWOK TUNG PIUS	1,173	1173
G21	HUNG HOM	2	LAM TAK SHING	1,544*	1544
G21	HUNG HOM	3	WONG CHI KEUNG	31	31
G22	KA WAI	1	LO CHIU KIT	Uncontested	NA
G23	OI MAN	1	NG FAN KAM	2,806*	2806
G23	OI MAN	2	MA HEI PANG	1,547	1547
G24	OI CHUN	1	CHO WUI HUNG	2,772*	2772
G24	OI CHUN	2	CHAN YAU CHEONG	1,842	1842
H01	LUNG TSUI	1	YEUNG MAN SEK EDMOND(BONBON)	241	241
H01	LUNG TSUI	2	TSANG CHEUK KUEN JACKAL	715	715
H01	LUNG TSUI	3	LEE TUNG KONG	2,191*	2191
H02	LUNG HA	1	LEE YIM HUNG	1,446	1446
H02	LUNG HA	2	KWOK SAU YING	2,552*	2552
H03	LUNG SHEUNG	1	LAM MAN FAI	2,798*	2798
H03	LUNG SHEUNG	2	LAM WAI KEI(RICKY)	1,478	1478
H03	LUNG SHEUNG	3	CHOW LAI CHEONG	204	204
H04	FUNG WONG	1	WONG KAM CHIU	1,422	1422
H04	FUNG WONG	2	CHAN YIM KWONG JOE	1,675*	1675
H05	FUNG TAK	1	KAN CHI HO	2,766*	2766
H05	FUNG TAK	2	WONG KWOK KEUNG	2,168	2168
H06	LUNG SING	1	NGOK KING FUN	297	297
H06	LUNG SING	2	HO WAI KUEN	111	111
H06	LUNG SING	3	LAM JOSEPH CHOK	2,640	2640
H06	LUNG SING	4	TAM HEUNG MAN	2,974*	2974
H07	SAN PO KONG	1	LUI KAI LIN WENDY	3,026*	3026
H07	SAN PO KONG	2	WAT KI ON	1,284	1284
H08	TUNG TAU	1	CHEUNG PAK HANG	1,448	1448
H08	TUNG TAU	2	LI TAK HONG	2,710*	2710
H09	TUNG MEI	1	SZE TAK LOY	2,894*	2894
H09	TUNG MEI	2	WONG KWOK YAN	1,597	1597
H10	LOK FU	1	YUEN YUET HING	981	981
H10	LOK FU	2	CHAN WAI KWAN ANDIE	2,232*	2232
H11	WANG TAU HOM	1	LAI WING HO JOE	Uncontested	NA
H12	TIN KEUNG	1	LEE HO YIN RAYMOND	2,207	2207
H12	TIN KEUNG	2	CHAN ON TAI	2,772*	2772
H13	TSUI CHUK & PANG CHING	1	SO SIK KIN	1,878	1878
H13	TSUI CHUK & PANG CHING	2	CHAN YING LEONARD	2,967*	2967
H13	TSUI CHUK & PANG CHING	3	LEE KA HING	815	815
H14	CHUK YUEN SOUTH	1	HUI KAM SHING	3,056*	3056
H14	CHUK YUEN SOUTH	2	CHAN CHAK SUM	1,107	1107
H15	CHUK YUEN NORTH	1	CHAN KIT BING(ICE)	1,206	1206
H15	CHUK YUEN NORTH	2	TING CHI WAI ROY	2,799*	2799
H16	TSZ WAN WEST	1	LEUNG YAU KING	362	362
H16	TSZ WAN WEST	2	YUNG SING KWONG	2,405	2405
H16	TSZ WAN WEST	3	YUEN KWOK KEUNG	3,285*	3285
H17	CHING OI	1	CHAN MAN KI MAGGIE	3,243*	3243
H17	CHING OI	2	MAK TSZ HO	2,048	2048
H18	CHING ON	1	WONG YAT YUK	Uncontested	NA
H19	TSZ WAN EAST	1	HO HON MAN	3,192*	3192
H19	TSZ WAN EAST	2	TAM CHUN MAN	1,585	1585
H20	KING FU	1	WONG CHUN KIN	2,377	2377
H20	KING FU	2	WU CHI WAI	3,907*	3907
H21	CHOI WAN EAST	1	WONG KWOK TUNG	1,551	1551
H21	CHOI WAN EAST	2	LOK WAI CHUEN	129	129
H21	CHOI WAN EAST	3	CHOY TSZ KIN TIMOTHY	2,201*	2201
H22	CHOI WAN SOUTH	1	SHUM WAN WA	2,432*	2432
H22	CHOI WAN SOUTH	2	LI MEI LAN	1,321	1321
H23	CHOI WAN WEST	1	TSE CHI KIT	1,810	1810
H23	CHOI WAN WEST	2	TAM MEI PO	2,682*	2682
H24	CHI CHOI	1	WU CHI KIN	2,083*	2083
H24	CHI CHOI	2	HO YIN FAI	2,078	2078
H25	CHOI HUNG	1	LEUNG TAT POR	1,639	1639
H25	CHOI HUNG	2	MOK KIN WING	2,898*	2898
J01	KWUN TONG CENTRAL	1	CHAN WAH YU NELSON	Uncontested	NA
J02	KOWLOON BAY	1	POON YAM WAI CHUN WINNIE	Uncontested	NA
J03	KAI YIP	1	LAM SING	1,826	1826
J03	KAI YIP	2	AU YEUNG KWAN NOK	2,128*	2128
J04	LAI CHING	1	POON CHUN YUEN	2,682	2682
J04	LAI CHING	2	BUX SHEIK ANTHONY	3,060*	3060
J05	PING SHEK	1	CHAN CHUN KIT	Uncontested	NA
J06	SHEUNG CHOI	1	TAM SIU CHEUK	Uncontested	NA
J07	JORDAN VALLEY	1	WONG WAI TAG	1,400	1400
J07	JORDAN VALLEY	2	NGAN MAN YU	2,638*	2638
J08	SHUN TIN	1	MOK KIN SHING	2,864*	2864
J08	SHUN TIN	2	KWOK BIT CHUN(BENJAMIN)	2,764	2764
J09	SHEUNG SHUN	1	FU PIK CHUN	Uncontested	NA
J10	ON LEE	1	CHOY CHAK HUNG	2,128*	2128
J10	ON LEE	2	LEUNG TANG FUNG	1,665	1665
J10	ON LEE	3	CHO KAI FAI	92	92
J11	PO TAT	1	TAM HO LAM	1,042	1042
J11	PO TAT	2	HUNG KAM IN	3,993*	3993
J12	SAU MAU PING NORTH	1	WONG CHUN PING	Uncontested	NA
J13	HIU LAI	1	FUNG KWOK KEUNG BONHOEFFER	2,284	2284
J13	HIU LAI	2	SO LAI CHUN	3,466*	3466
J14	SAU MAU PING SOUTH	1	CHAN YIU HUNG JIMMY	2,418*	2418
J14	SAU MAU PING SOUTH	2	CHENG KWOK CHUN	668	668
J14	SAU MAU PING SOUTH	3	KAI MING WAH	340	340
J15	SAU MAU PING CENTRAL	1	CHEUNG PUI KONG	Uncontested	NA
J16	HING TIN	1	CHAN MAN KIN	2,424*	2424
J16	HING TIN	2	LO CHING	2,125	2125
J17	LAM TIN	1	KAN MING TUNG	3,215*	3215
J17	LAM TIN	2	YAU MEI PO	1,285	1285
J18	KWONG TAK	1	OR CHONG SHING WILSON	Uncontested	NA
J19	PING TIN	1	YIU PAK LEUNG	3,404*	3404
J19	PING TIN	2	NG CHI FAI	988	988
J20	PAK NGA	1	YU SUI SANG	138	138
J20	PAK NGA	2	HO KAI MING	2,666*	2666
J20	PAK NGA	3	CHAN YU MING	1,528	1528
J21	YAU TONG EAST	1	CHEUNG KI TANG	Uncontested	NA
J22	YAU LAI	1	CHENG WAH TUNG FRANCIS	318	318
J22	YAU LAI	2	LAI SHU HO PATRICK	1,914*	1914
J22	YAU LAI	3	HON KA MING	1,264	1264
J23	CHUI CHEUNG	1	TSE SUK CHUN	2,918*	2918
J23	CHUI CHEUNG	2	WONG KAI SAN	2,654	2654
J24	YAU TONG WEST	1	LUI TUNG HAI	Uncontested	NA
J25	LAGUNA CITY	1	TANG WING CHUN	4,091*	4091
J25	LAGUNA CITY	2	TAM MAN HO JEREMY JANSEN	3,243	3243
J26	KING TIN	1	CHEUNG SHUN WAH	2,791*	2791
J26	KING TIN	2	TONG DICK KAN	2,170	2170
J27	TSUI PING	1	CHENG KEUNG FUNG	3,457*	3457
J27	TSUI PING	2	LAM HO CHUN CAROL	1,134	1134
J28	PO LOK	1	CHENG KENG IEONG	2,097*	2097
J28	PO LOK	2	LAU TING ON	1,717	1717
J29	YUET WAH	1	HSU HOI SHAN	2,403*	2403
J29	YUET WAH	2	CHAN KAM WAI	1,098	1098
J30	HIP HONG	1	CHAU CHUNG PING	634	634
J30	HIP HONG	2	CHAN CHUNG BUN BUNNY	1,831*	1831
J30	HIP HONG	3	WONG YI TING EDITH	907	907
J31	HONG LOK	1	MA YAT CHIU	1,624*	1624
J31	HONG LOK	2	CHAN CHAK TO	1,525	1525
J32	TING ON	1	KAM KIN	2,159*	2159
J32	TING ON	2	WONG KAI MING	2,097	2097
J33	UPPER NGAU TAU KOK ESTATE	1	CHAN KOK WAH BEN	2,453*	2453
J33	UPPER NGAU TAU KOK ESTATE	2	LUI CHI HANG HENDRICK	1,531	1531
J34	LOWER NGAU TAU KOK ESTATE	1	WONG CHING FUNG	1,979	1979
J34	LOWER NGAU TAU KOK ESTATE	2	CHEUNG YIU PAN	2,441*	2441
J35	TO TAI	1	YIP HING KWOK	Uncontested	NA
J36	LOK WAH NORTH	1	WONG CHI KEN	1,729*	1729
J36	LOK WAH NORTH	2	FUNG KAM YUEN	1,246	1246
J37	LOK WAH SOUTH	1	LEE KA HANG	1,687	1687
J37	LOK WAH SOUTH	2	SO KOON CHUNG KEVIN	2,245*	2245
K01	TAK WAH	1	LO SIU KIT	Uncontested	NA
K02	YEUNG UK ROAD	1	CHAN HAN PAN	2,075*	2075
K02	YEUNG UK ROAD	2	LAM SEK TIM	1,233	1233
K03	HOI BUN	1	CHENG PAK KEUNG	1,926	1926
K03	HOI BUN	2	CHOW PING TIM	2,647*	2647
K04	CLAGUE GARDEN	1	KOO YEUNG PONG	1,825*	1825
K04	CLAGUE GARDEN	2	TONG WING CHI	1,550	1550
K05	FUK LOI	1	KOT SIU YUEN	Uncontested	NA
K06	DISCOVERY PARK	1	TIEN MICHAEL PUK SUN	3,674*	3674
K06	DISCOVERY PARK	2	CHIU YAN LOY	2,020	2020
K07	TSUEN WAN CENTRE	1	LI HUNG POR	2,235*	2235
K07	TSUEN WAN CENTRE	2	TSANG TAI	2,074	2074
K08	ALLWAY	1	WONG YUI TAK LOUIS	1,777	1777
K08	ALLWAY	2	LAM YUEN PUN	2,820*	2820
K09	LAI TO	1	WONG WAI KIT	3,661*	3661
K09	LAI TO	2	CHIU PUI SZE(VICKY)	1,441	1441
K10	TING SHAM	1	HA HEI LOK	1,606	1606
K10	TING SHAM	2	CHENG CHIT PUN	1,799*	1799
K10	TING SHAM	3	CHENG SHING LUNG EDWIN	454	454
K11	TSUEN WAN WEST	1	CHU SHUN MING	793	793
K11	TSUEN WAN WEST	2	LAM LAM NIXIE	2,462*	2462
K11	TSUEN WAN WEST	3	POON CHIU LAM	1,500	1500
K12	TSUEN WAN RURAL	1	CHAN WAI MING	1,812	1812
K12	TSUEN WAN RURAL	2	NG HIN LUNG	1,984*	1984
K13	MA WAN	1	TSENG WEN TIEN JUSTIN	529	529
K13	MA WAN	2	LUK WAI LEUNG WILLIAM	193	193
K13	MA WAN	3	TAM HOI PONG	1,668*	1668
K13	MA WAN	4	WONG CHIU WAH KEVIN	1,056	1056
K14	LUK YEUNG	1	WONG PUI CHI	1,933	1933
K14	LUK YEUNG	2	LAM FAAT KANG	2,193*	2193
K15	LEI MUK SHUE EAST	1	CHAN YUEN SUM SUMLY	3,169*	3169
K15	LEI MUK SHUE EAST	2	LUI DIK MING	1,773	1773
K16	LEI MUK SHUE WEST	1	TAM TSZ FEI	1,385	1385
K16	LEI MUK SHUE WEST	2	WONG KA WA	2,895*	2895
K17	SHEK WAI KOK	1	MAN YU MING	2,356*	2356
K17	SHEK WAI KOK	2	LAI MAN FAI	1,035	1035
K18	CHEUNG SHEK	1	WONG CHI SHUN ADEN	864	864
K18	CHEUNG SHEK	2	CHAN CHUN CHUNG	1,997*	1997
K18	CHEUNG SHEK	3	CHAN KA WING	353	353
L01	TUEN MUN TOWN CENTRE	1	CHIU KAM MOON	834	834
L01	TUEN MUN TOWN CENTRE	2	AU CHI YUEN	1,517*	1517
L02	SIU CHI	1	LAM CHUNG HOI	3,551*	3551
L02	SIU CHI	2	LI CHING YEE	1,532	1532
L02	SIU CHI	3	WONG KA LEUNG	232	232
L03	SIU TSUI	1	YIP MAN PAN	3,138*	3138
L03	SIU TSUI	2	NG HON YING	192	192
L03	SIU TSUI	3	TANG CHUN TO	2,536	2536
L04	ON TING	1	FUNG PUI YIN	2,216	2216
L04	ON TING	2	KONG FUNG YI	2,383*	2383
L05	YAU OI SOUTH	1	CHIN PO FUN	1,057	1057
L05	YAU OI SOUTH	2	TSANG HIN HONG	2,085*	2085
L06	YAU OI NORTH	1	CHAN WAN SANG	1,616	1616
L06	YAU OI NORTH	2	TAM CHUN YIN	1,731*	1731
L06	YAU OI NORTH	3	LAM LAP	92	92
L07	TSUI HING	1	CHU YIU WAH	Uncontested	NA
L08	SHAN KING	1	NG KOON HUNG	1,853*	1853
L08	SHAN KING	2	HON LAI YIN	1,605	1605
L09	KING HING	1	CHAN YAU HOI	Uncontested	NA
L10	HING TSAK	1	CHAN SZE NGA	1,498	1498
L10	HING TSAK	2	TSUI FAN	2,673*	2673
L11	SAN HUI	1	HO HAU CHUN	742	742
L11	SAN HUI	2	HUI CHEUK HO	631	631
L11	SAN HUI	3	KWU HON KEUNG	1,099*	1099
L12	SAM SHING	1	LEE KAM TIM	892	892
L12	SAM SHING	2	SO SHIU SHING	1,837*	1837
L13	HANFORD	1	CHU SHUN NGA BEATRICE	2,597*	2597
L13	HANFORD	2	NGAI KA HO	1,021	1021
L13	HANFORD	3	WONG CHAK WAH	96	96
L13	HANFORD	4	LI KWAI FONG	697	697
L14	FU SUN	1	LUNG KANG SAN	676	676
L14	FU SUN	2	LI SAI KEUNG	179	179
L14	FU SUN	3	TAI YIN CHIU(THOMAS)	445	445
L14	FU SUN	4	CHEUNG WAI KAU	920	920
L14	FU SUN	5	KAM MAN FUNG	2,493*	2493
L14	FU SUN	6	HO YING SANG(CHRIS)	172	172
L15	YUET WU	1	CHEUNG HANG FAI	2,073*	2073
L15	YUET WU	2	YIP LAI MEI NATALIE	1,682	1682
L16	SIU HEI	1	HAU KWOK TUNG	1,488	1488
L16	SIU HEI	2	YAN SIU NAM	2,021*	2021
L17	WU KING	1	LEUNG KIN MAN	1,454*	1454
L17	WU KING	2	CHOW KAI LIM	1,049	1049
L18	BUTTERFLY	1	YEUNG CHI HANG	2,505*	2505
L18	BUTTERFLY	2	SO OI KWAN	1,949	1949
L19	LOK TSUI	1	HO KWAN YIU	2,013*	2013
L19	LOK TSUI	2	YUEN WAI CHUNG	99	99
L19	LOK TSUI	3	CHENG CHUNG TAI	391	391
L19	LOK TSUI	4	CHEUNG WING WAI	25	25
L19	LOK TSUI	5	SHUM KAM TIM	94	94
L19	LOK TSUI	6	HO CHUN YAN	1,736	1736
L20	LUNG MUN	1	LUNG SHUI HING	Uncontested	NA
L21	SAN KING	1	LEE FUNG SIM	1,243	1243
L21	SAN KING	2	WONG LAI SHEUNG CATHERINE	2,686*	2686
L22	LEUNG KING	1	CHING CHI HUNG	2,366*	2366
L22	LEUNG KING	2	KWUN TUNG WING	1,290	1290
L23	TIN KING	1	LEE HUNG SHAM LOTHAR	2,295*	2295
L23	TIN KING	2	CHIU KIM LING	1,321	1321
L24	PO TIN	1	SO KA MAN	2,516*	2516
L24	PO TIN	2	CHU SIU HUNG	402	402
L25	KIN SANG	1	LAM TSZ CHING	1,283	1283
L25	KIN SANG	2	CHAN MAN WAH	2,456*	2456
L26	SIU HONG	1	MO SHING FUNG	2,677*	2677
L26	SIU HONG	2	LAW HO YAN	80	80
L26	SIU HONG	3	CHAN SHU YING JOSEPHINE	2,267	2267
L27	PRIME VIEW	1	HO HANG MUI	2,970*	2970
L27	PRIME VIEW	2	KWONG MAN TIK	1,126	1126
L28	FU TAI	1	CHAN MANWELL	2,823*	2823
L28	FU TAI	2	HO WAI CHEUNG	1,044	1044
L29	TUEN MUN RURAL	1	TANG TAK SUM	728	728
L29	TUEN MUN RURAL	2	TO SHECK YUEN	1,644*	1644
M01	FUNG NIN	1	LUI KIN	2,179*	2179
M01	FUNG NIN	2	WONG KWOK HUNG	1,227	1227
M02	SHUI PIN	1	YUEN MAN YEE	Uncontested	NA
M03	NAM PING	1	WONG WAI YIN ZACHARY	2,598*	2598
M03	NAM PING	2	CHEUNG FAN LAN	1,249	1249
M03	NAM PING	3	CHAN WAI YI	246	246
M04	PEK LONG	1	WONG YUK CHUN	2,013	2013
M04	PEK LONG	2	KWONG CHUN YU	2,890*	2890
M05	YUEN LONG CENTRE	1	LAM TING WAI	1,049	1049
M05	YUEN LONG CENTRE	2	SIU LONG MING	1,615*	1615
M06	YUEN LUNG	1	WONG WAI SHUN	2,651*	2651
M06	YUEN LUNG	2	CHONG KIN SHING	362	362
M07	FUNG CHEUNG	1	MAK IP SING	2,173*	2173
M07	FUNG CHEUNG	2	YU CHUNG LEUNG	1,425	1425
M07	FUNG CHEUNG	3	WONG WAI	163	163
M08	SHAP PAT HEUNG EAST	1	SHUM HO KIT	Uncontested	NA
M09	SHAP PAT HEUNG CENTRAL	1	LEUNG MING KIN	Uncontested	NA
M10	SHAP PAT HEUNG WEST	1	CHING CHAN MING	Uncontested	NA
M11	PING SHAN SOUTH	1	CHEUNG MUK LAM	Uncontested	NA
M12	PING SHAN CENTRAL	1	TANG HING IP	Uncontested	NA
M13	PING SHAN NORTH	1	TANG TAT SIN	938	938
M13	PING SHAN NORTH	2	YOUNG KA ON	1,344*	1344
M14	HA TSUEN	1	CHENG KAM HO	376	376
M14	HA TSUEN	2	TANG KA LEUNG	2,610*	2610
M15	TIN SHING	1	CHAN SZE CHING	3,702*	3702
M15	TIN SHING	2	LEUNG YIP PANG	1,807	1807
M16	SHUI OI	1	CHAU TSZ KI	1,434	1434
M16	SHUI OI	2	KWOK KEUNG	3,136*	3136
M17	SHUI WAH	1	KO CHUN KIT	1,634	1634
M17	SHUI WAH	2	CHOW WING KAN	1,941*	1941
M18	CHUNG WAH	1	WONG WAI LING	1,775*	1775
M18	CHUNG WAH	2	CHAN KA KUI	965	965
M19	YUET YAN	1	CHIU SAU HAN	Uncontested	NA
M20	FU YAN	1	KEUNG KWOK WAI	1,339	1339
M20	FU YAN	2	LAU KWAI YUNG	2,819*	2819
M21	YAT CHAK	1	KWOK HING PING	2,288*	2288
M21	YAT CHAK	2	WONG YUEN FAI	496	496
M21	YAT CHAK	3	WONG YU CHOI	1,468	1468
M22	TIN HENG	1	WONG PAK YU	1,317	1317
M22	TIN HENG	2	CHEUNG KWOK TUNG	846	846
M22	TIN HENG	3	LUK CHUNG HUNG(MICHAEL)	2,749*	2749
M23	WANG YAT	1	YIU KWOK WAI	Uncontested	NA
M24	CHING KING	1	TANG CHEUK HIM	2,423*	2423
M24	CHING KING	2	SO WING CHAU	632	632
M25	KINGSWOOD NORTH	1	LEE YUET MAN	2,775*	2775
M25	KINGSWOOD NORTH	2	HO WAI FONG POLLY	1,747	1747
M26	TSZ YAU	1	CHAN MEI LIN	2,438*	2438
M26	TSZ YAU	2	CHING YUNG FAI	1,345	1345
M27	YIU YAU	1	MA SHUK YIN	1,584*	1584
M27	YIU YAU	2	WONG PUI YIN AGATHA	1,255	1255
M28	TIN YIU	1	LEUNG CHE CHEUNG	1,713*	1713
M28	TIN YIU	2	LEUNG CHIN HANG(PLISKIN)	1,552	1552
M29	KINGSWOOD SOUTH	1	NG YUK YING(KATY)	1,724	1724
M29	KINGSWOOD SOUTH	2	CHAM KA HUNG DANIEL	2,191*	2191
M30	CHUNG PAK	1	WONG CHEUK KIN	2,078*	2078
M30	CHUNG PAK	2	MOK YIM HAY	1,380	1380
M31	FAIRVIEW PARK	1	TO KA LUN	1,826*	1826
M31	FAIRVIEW PARK	2	LEUNG WAI KWAN	144	144
M31	FAIRVIEW PARK	3	YAU TAI TAI	1,596	1596
M32	SAN TIN	1	MAN KWONG MING	2,286*	2286
M32	SAN TIN	2	MAN KWAI KI	1,193	1193
M33	KAM TIN	1	TANG CHEUK YIN	Uncontested	NA
M34	PAT HEUNG NORTH	1	TANG CHI KWONG	1,471	1471
M34	PAT HEUNG NORTH	2	TANG YUNG YIU RONNIE	1,806*	1806
M35	PAT HEUNG SOUTH	1	CHU HOI DICK EDDIE	1,482	1482
M35	PAT HEUNG SOUTH	2	LAI WAI HUNG	2,872*	2872
N01	LUEN WO HUI	1	LAW SAI YAN	1,981	1981
N01	LUEN WO HUI	2	TSANG HING LUNG	2,640*	2640
N01	LUEN WO HUI	3	LIU MING KIN(ANDY)	413	413
N02	FANLING TOWN	1	WONG CHUN NING	826	826
N02	FANLING TOWN	2	PANG CHUN SING GEORGE	1,403*	1403
N03	CHEUNG WAH	1	YIP YIU SHING CHRIS	1,569	1569
N03	CHEUNG WAH	2	CHAN YUK MING	1,814*	1814
N03	CHEUNG WAH	3	WONG KA HO	1,710	1710
N03	CHEUNG WAH	4	YUEN HOI WAI FEDER	178	178
N04	WAH DO	1	YIU MING	Uncontested	NA
N05	WAH MING	1	LAI SUM	1,814	1814
N05	WAH MING	2	CHAN WAI TAT	2,660*	2660
N06	YAN SHING	1	LAU KWOK FAN	Uncontested	NA
N07	SHING FUK	1	WAN WO TAT WARWICK	Uncontested	NA
N08	FANLING SOUTH	1	HO SHU KWONG RAYMOND	1,824*	1824
N08	FANLING SOUTH	2	WONG SING CHI	992	992
N09	CHING HO	1	LARM WAI LEUNG	Uncontested	NA
N10	YU TAI	1	TSANG KING CHUNG KENT	1,922*	1922
N10	YU TAI	2	SHEK FONG YAU	326	326
N10	YU TAI	3	HAU WING KONG ALVAN	672	672
N11	SHEUNG SHUI RURAL	1	HAU KAM LAM	2,474	2474
N11	SHEUNG SHUI RURAL	2	HAU FUK TAT SIMON	2,934*	2934
N12	CHOI YUEN	1	SO SAI CHI	2,481*	2481
N12	CHOI YUEN	2	LEUNG KAM SHING CLARENCE RONALD	1,975	1975
N13	SHEK WU HUI	1	LAU HON KIN	90	90
N13	SHEK WU HUI	2	WONG YUN KEUNG SIMON	1,760	1760
N13	SHEK WU HUI	3	LAM CHEUK TING	2,390*	2390
N14	TIN PING WEST	1	POON TAK WING	1,445	1445
N14	TIN PING WEST	2	WONG WANG TO	2,219*	2219
N14	TIN PING WEST	3	LEE CHING HEI	797	797
N15	FUNG TSUI	1	YU MAN KWONG	981	981
N15	FUNG TSUI	2	LIU KWOK WAH	1,460	1460
N15	FUNG TSUI	3	LIU HING HUNG	1,649*	1649
N16	SHA TA	1	WAN WO FAI	2,307*	2307
N16	SHA TA	2	TSANG YUK ON	1,104	1104
N16	SHA TA	3	CHEUNG KWAI CHOI	651	651
N16	SHA TA	4	CHU OI PING	111	111
N17	TIN PING EAST	1	LAU KI FUNG	1,726*	1726
N17	TIN PING EAST	2	OR SIN YI WINDY	1,567	1567
N17	TIN PING EAST	3	YU CHI SHING PAUL	603	603
N18	QUEEN'S HILL	1	TANG KUN NIN TONY	Uncontested	NA
P01	TAI PO HUI	1	LI KWOK YING	1,096*	1096
P01	TAI PO HUI	2	CHOY WING MUI MOLLY	865	865
P02	TAI PO CENTRAL	1	MUI SIU FUNG	1,444	1444
P02	TAI PO CENTRAL	2	AU CHUN WAH	1,866*	1866
P02	TAI PO CENTRAL	3	MAN WAI KEUNG	384	384
P03	CHUNG TING	1	LUI NOK	1,810	1810
P03	CHUNG TING	2	TAM WING FUN ERIC	1,881*	1881
P04	TAI YUEN	1	AU CHUN HO	1,334	1334
P04	TAI YUEN	2	CHENG CHUN PING	2,017*	2017
P05	FU HENG	1	WONG CHAU PAK	1,417	1417
P05	FU HENG	2	YAM MAN CHUEN	3,716*	3716
P06	YEE FU	1	CHEUNG FUNG YIN	1,607	1607
P06	YEE FU	2	YAM KAI BONG	4,148*	4148
P07	FU MING SUN	1	KWAN WING YIP	3,147*	3147
P07	FU MING SUN	2	CHAN YUNG WA	1,122	1122
P08	KWONG FUK & PLOVER COVE	1	WONG PIK KIU	2,248*	2248
P08	KWONG FUK & PLOVER COVE	2	KWOK SHU YAN	363	363
P08	KWONG FUK & PLOVER COVE	3	CHOW BENJAMIN	779	779
P09	WANG FUK	1	WOO KIN MAN CLEMENT	2,120*	2120
P09	WANG FUK	2	MAN NIM CHI	1,570	1570
P10	TAI PO KAU	1	CHAN SIU KUEN	Uncontested	NA
P11	WAN TAU TONG	1	CHENG WAI	2,123	2123
P11	WAN TAU TONG	2	YU CHI WING(KEN)	2,711*	2711
P12	SAN FU	1	KWOK WING KIN	2,064	2064
P12	SAN FU	2	LO HIU FUNG	2,447*	2447
P12	SAN FU	3	WU KAM FAI	129	129
P13	LAM TSUEN VALLEY	1	WAN YUK WING	374	374
P13	LAM TSUEN VALLEY	2	CHAN CHO LEUNG	2,468*	2468
P13	LAM TSUEN VALLEY	3	LAM CHUN CHEUNG	1,744	1744
P14	PO NGA	1	CHOW YUEN WAI	2,683*	2683
P14	PO NGA	2	WONG YUNG KAN	2,292	2292
P15	TAI WO	1	CHENG CHUN WO	Uncontested	NA
P16	OLD MARKET & SERENITY	1	LAU YUNG WAI	2,170*	2170
P16	OLD MARKET & SERENITY	2	CHEUNG KWOK WAI	1,699	1699
P17	HONG LOK YUEN	1	MAN CHEN FAI	1,132	1132
P17	HONG LOK YUEN	2	TANG MING TAI PATRICK	1,780*	1780
P18	SHUEN WAN	1	LAU CHEE SING(DR.)	Uncontested	NA
P19	SAI KUNG NORTH	1	LI WAH KWONG REX	1,024*	1024
P19	SAI KUNG NORTH	2	LEE KWAI YAU VICTOR	1,004	1004
Q01	SAI KUNG CENTRAL	1	CHEUNG SZE KIT ALAN	843	843
Q01	SAI KUNG CENTRAL	2	NG SZE FUK	1,723*	1723
Q02	PAK SHA WAN	1	PO WAI MING	1,109	1109
Q02	PAK SHA WAN	2	HIEW MOO SIEW	1,539*	1539
Q03	SAI KUNG ISLANDS	1	LI KA LEUNG PHILIP	Uncontested	NA
Q04	HANG HAU EAST	1	LAU MAN CHOI NEWMAN	810	810
Q04	HANG HAU EAST	2	LAU WAI CHEUNG PETER	962*	962
Q05	HANG HAU WEST	1	LUK SAU CHING	1,027	1027
Q05	HANG HAU WEST	2	YAU YUK LUN	1,397*	1397
Q06	PO YEE	1	TSE CHING FUNG	2,361*	2361
Q06	PO YEE	2	NG SHUET SHAN	1,838	1838
Q07	WAI KING	1	WONG SHING KWONG(JACK)	357	357
Q07	WAI KING	2	CHAN KAI WAI	3,014*	3014
Q08	DO SHIN	1	SO HO	572	572
Q08	DO SHIN	2	MOK RUBY	617	617
Q08	DO SHIN	3	SHUEN PAK MAN ANDREW	531	531
Q08	DO SHIN	4	CHEUNG CHIN PANG	1,216*	1216
Q09	KIN MING	1	CHAU KA LOK	710	710
Q09	KIN MING	2	LEUNG LI	3,719*	3719
Q10	CHOI KIN	1	NG JACOB	1,791	1791
Q10	CHOI KIN	2	HO MAN KIT RAYMOND	2,873*	2873
Q11	O TONG	1	AU YEUNG HO KWAN	1,314	1314
Q11	O TONG	2	LUI MAN KWONG	1,831*	1831
Q11	O TONG	3	KO WING LUEN	1,036	1036
Q12	FU KWAN	1	LUK PING CHOI	2,087*	2087
Q12	FU KWAN	2	LUI KIM HO(KIM)	1,671	1671
Q12	FU KWAN	3	SHEK YUEN HON	43	43
Q13	KWAN PO	1	LEE KWOK PUI	534	534
Q13	KWAN PO	2	CHAN CHIN CHUN(CYRUS)	480	480
Q13	KWAN PO	3	LEE SUN ANTONY	583	583
Q13	KWAN PO	4	WONG TIN YAU	487	487
Q13	KWAN PO	5	LAI MING CHAK	784*	784
Q14	NAM ON	1	CHAU YIN MING FRANCIS	3,359*	3359
Q14	NAM ON	2	YU KAI CHUN	985	985
Q15	HONG KING	1	CHAN KIN CHUN KEN	2,446	2446
Q15	HONG KING	2	LAM SIU CHUNG FRANKIE	3,274*	3274
Q16	TSUI LAM	1	CHAN YUEN PAN	1,396	1396
Q16	TSUI LAM	2	TAM LANNY	3,051*	3051
Q17	PO LAM	1	AU NING FAT ALFRED	2,446*	2446
Q17	PO LAM	2	WONG LOK YIN(ROCKY)	779	779
Q17	PO LAM	3	CHEUNG CHI TUNG	913	913
Q18	YAN YING	1	YEUNG HO CHUEN(HARRIS)	1,007	1007
Q18	YAN YING	2	CHUNG KAM LUN(BEN)	3,283*	3283
Q18	YAN YING	3	LIU TSZ CHUNG MICHAEL	1,229	1229
Q19	WAN HANG	1	SUN WAI KEI	2,313	2313
Q19	WAN HANG	2	FAN GARY KWOK WAI	3,104*	3104
Q19	WAN HANG	3	LAI TZE WAH	117	117
Q20	KING LAM	1	WAN KAI MING	2,878*	2878
Q20	KING LAM	2	LAM WING YIN	2,707	2707
Q21	HAU TAK	1	LING MAN HOI	2,679*	2679
Q21	HAU TAK	2	TSANG HO MAN	2,261	2261
Q22	FU NAM	1	CHAN YIU MING	2,113	2113
Q22	FU NAM	2	CHAN POK CHI	2,207*	2207
Q23	TAK MING	1	WAN YUET CHEUNG	Uncontested	NA
Q24	SHEUNG TAK	1	CHOI KIN CHING(CHOI CHUN HIU)	650	650
Q24	SHEUNG TAK	2	KAN SIU KEI	2,978*	2978
Q24	SHEUNG TAK	3	WONG FAI	1,662	1662
Q25	KWONG MING	1	SHI HAU KIT SIMON	777	777
Q25	KWONG MING	2	CHOI MING HEI	1,055	1055
Q25	KWONG MING	3	CHONG YUEN TUNG	3,373*	3373
Q26	WAN PO NORTH	1	CHUI TING PONG	665	665
Q26	WAN PO NORTH	2	FONG KWOK SHAN CHRISTINE	2,667*	2667
Q27	WAN PO SOUTH	1	CHEUNG MEI HUNG	2,188*	2188
Q27	WAN PO SOUTH	2	WU CHEUK HIM	539	539
R01	SHA TIN TOWN CENTRE	1	WONG CHI YUNG(ALF WONG)	1,328	1328
R01	SHA TIN TOWN CENTRE	2	WAI HING CHEUNG	2,759*	2759
R02	LEK YUEN	1	WONG YUE HON	1,799*	1799
R02	LEK YUEN	2	WONG HO MING	1,406	1406
R03	WO CHE ESTATE	1	YUE SHIN MAN ANNA(ANNA)	2,495*	2495
R03	WO CHE ESTATE	2	LEE WAI FUNG(DECO)	1,602	1602
R03	WO CHE ESTATE	3	LEE TAK WAH	1,185	1185
R04	CITY ONE	1	WONG KA WING	Uncontested	NA
R05	YUE SHING	1	LEUNG KA FAI	Uncontested	NA
R06	WONG UK	1	LEUNG CHI WAI	1,936	1936
R06	WONG UK	2	LAI TSZ YAN	2,111*	2111
R07	SHA KOK	1	CHAN BILLY SHIU YEUNG	2,627*	2627
R07	SHA KOK	2	YEUNG SIN HUNG	2,437	2437
R08	POK HONG	1	CHIU CHU PONG	2,859*	2859
R08	POK HONG	2	CHAN KWOK TIM	2,666	2666
R09	JAT MIN	1	CHAU PING HIM	541	541
R09	JAT MIN	2	YIP KA MING MICHAEL	1,050	1050
R09	JAT MIN	3	YAU MAN CHUN	3,221*	3221
R10	CHUN FUNG	1	LEUNG KA WAI	1,578	1578
R10	CHUN FUNG	2	CHAN NOK HANG	3,724*	3724
R11	SUN TIN WAI	1	LI LOK YAN	1,488	1488
R11	SUN TIN WAI	2	CHING CHEUNG YING	2,455*	2455
R12	CHUI TIN	1	HUI YUI YU	2,048*	2048
R12	CHUI TIN	2	WONG CHAK PIU PHILIP	1,675	1675
R13	HIN KA	1	LAM CHUNG YAN	2,473*	2473
R13	HIN KA	2	MOK WAI HUNG	1,713	1713
R14	LOWER SHING MUN	1	TONG HOK LEUNG	1,209*	1209
R14	LOWER SHING MUN	2	LEE YUEN KAM	987	987
R14	LOWER SHING MUN	3	CHONG YIU KAN SHERMAN	1,175	1175
R15	WAN SHING	1	WONG LEUNG HI	962	962
R15	WAN SHING	2	CHEUNG TAK WING	927	927
R15	WAN SHING	3	HO HAU CHEUNG	1,989*	1989
R16	KENG HAU	1	NG KAM HUNG	2,826*	2826
R16	KENG HAU	2	HO KWOK WAH GEORGE	2,144	2144
R17	TIN SUM	1	PUN KWOK SHAN	Uncontested	NA
R18	CHUI KA	1	WAI TAK LUN	1,029	1029
R18	CHUI KA	2	LEE KAM MING	1,068	1068
R18	CHUI KA	3	LI SAI HUNG	2,433*	2433
R19	TAI WAI	1	TUNG KIN LEI	3,649*	3649
R19	TAI WAI	2	LEUNG CHUN HIN	2,087	2087
R20	CHUNG TIN	1	WONG HOK LAI	1,631*	1631
R20	CHUNG TIN	2	LO YUET CHAU	662	662
R20	CHUNG TIN	3	TANG WING CHEONG	1,268	1268
R21	SUI WO	1	YAU CHI KIN	1,984	1984
R21	SUI WO	2	PANG CHEUNG WAI THOMAS	2,160*	2160
R21	SUI WO	3	LI SUI HA(LISA)	101	101
R22	FO TAN	1	PONG SCARLETT OI LAN	1,905*	1905
R22	FO TAN	2	CHAN MAN FAI	1,250	1250
R23	CHUN MA	1	HO WAI LOK(RONALD)	1,169	1169
R23	CHUN MA	2	SIU HIN HONG	1,658*	1658
R23	CHUN MA	3	CHENG WING CHUNG(PC)	148	148
R24	CHUNG ON	1	QUAT ELIZABETH(EQ)	2,376	2376
R24	CHUNG ON	2	YIP WING	2,506*	2506
R25	KAM TO	1	YEUNG MAN YUI(GARY)	2,455	2455
R25	KAM TO	2	CHAN KWOK KEUNG(JAMES)	2,592*	2592
R26	MA ON SHAN TOWN CENTRE	1	LEE CHI WING ALVIN	2,391*	2391
R26	MA ON SHAN TOWN CENTRE	2	MAN CHI WAI	1,106	1106
R27	LEE ON	1	MAK YUN PUI(CHRIS MAK)	3,938*	3938
R27	LEE ON	2	KONG CHEUK WAI	33	33
R27	LEE ON	3	LO TAI SUEN ADA	1,767	1767
R28	FU LUNG	1	TSANG SO LAI	3,027*	3027
R28	FU LUNG	2	LAW KWONG KEUNG(KK)	2,730	2730
R29	WU KAI SHA	1	LI WING SHING	1,567*	1567
R29	WU KAI SHA	2	SIO CHAN IN DEVIN	1,121	1121
R30	KAM YING	1	TONG PO CHUN	1,442	1442
R30	KAM YING	2	LI PO MUI	888	888
R30	KAM YING	3	TING TSZ YUEN	1,612*	1612
R30	KAM YING	4	LAW SIU CHUN	1,176	1176
R31	YIU ON	1	LI SAI WING	3,021*	3021
R31	YIU ON	2	CHEUNG PIK HA	2,071	2071
R32	HENG ON	1	LAM TAK WAI	2,706	2706
R32	HENG ON	2	CHENG TSUK MAN	3,740*	3740
R33	ON TAI	1	CHIU MAN LEONG	3,657*	3657
R33	ON TAI	2	YAU YUET WAH DONNA	2,647	2647
R34	TAI SHUI HANG	1	YUNG MING CHAU MICHAEL	2,964*	2964
R34	TAI SHUI HANG	2	CHEUNG CHI YIN	2,629	2629
R35	YU YAN	1	YIU KA CHUN	Uncontested	NA
R36	BIK WOO	1	OWEN OI MING EMILY	1,490	1490
R36	BIK WOO	2	WONG PING FAN	2,352*	2352
R36	BIK WOO	3	LAU WAI LUN	1,151	1151
R37	KWONG HONG	1	CHOI CHUN CHIU PAUL	1,028	1028
R37	KWONG HONG	2	WONG FU SANG	2,034*	2034
R37	KWONG HONG	3	NG WAI LING	1,828	1828
R38	KWONG YUEN	1	CHAN MAN KUEN	2,525*	2525
R38	KWONG YUEN	2	SUNG TSZ MING	1,553	1553
S01	KWAI HING	1	LEUNG CHI SHING	2,931*	2931
S01	KWAI HING	2	LEUNG CHI HO	1,139	1139
S02	KWAI SHING EAST ESTATE	1	CHAN YUK LING	75	75
S02	KWAI SHING EAST ESTATE	2	MO SANG TUNG	1,833	1833
S02	KWAI SHING EAST ESTATE	3	LEUNG KWONG CHEONG	677	677
S02	KWAI SHING EAST ESTATE	4	CHOW WAI HUNG RAYMAN	3,212*	3212
S03	UPPER TAI WO HAU	1	LAU CHIN PANG	1,589	1589
S03	UPPER TAI WO HAU	2	HUI KEI CHEUNG	2,217*	2217
S04	LOWER TAI WO HAU	1	WONG BING KUEN	3,098*	3098
S04	LOWER TAI WO HAU	2	CHEUNG WAI MAN	1,369	1369
S05	KWAI CHUNG ESTATE NORTH	1	LEUNG KAM WAI	2,195*	2195
S05	KWAI CHUNG ESTATE NORTH	2	LEUNG KONG MING	1,617	1617
S06	KWAI CHUNG ESTATE SOUTH	1	LEE WANG FUNG	1,790	1790
S06	KWAI CHUNG ESTATE SOUTH	2	WONG YUN TAT	2,320*	2320
S07	SHEK YAM	1	LI SAI LUNG	2,907*	2907
S07	SHEK YAM	2	WAN SIU KIN ANDREW	2,853	2853
S08	ON YAM	1	LEUNG TSZ WING DENNIS	2,714*	2714
S08	ON YAM	2	LEUNG WING KUEN	1,831	1831
S09	SHEK LEI SOUTH	1	LEUNG KWOK WAH	2,974	2974
S09	SHEK LEI SOUTH	2	NG KA CHIU	3,141*	3141
S10	SHEK LEI NORTH	1	LAM SIU FAI	2,981*	2981
S10	SHEK LEI NORTH	2	CHEUNG IP MEI	1,459	1459
S11	TAI PAK TIN	1	KWOK FU YUNG	2,884*	2884
S11	TAI PAK TIN	2	TSUI SANG HUNG SAMMY	1,997	1997
S12	KWAI FONG	1	LEUNG YIU CHUNG	3,301*	3301
S12	KWAI FONG	2	CHAN MAN LUEN YING	1,624	1624
S13	WAH LAI	1	TAI PUI SHAN CHRISTABEL DONNA	263	263
S13	WAH LAI	2	YUEN KWOK KI	707	707
S13	WAH LAI	3	WONG YIU CHUNG	2,130*	2130
S14	LAI WAH	1	CHU LAI LING	Uncontested	NA
S15	CHO YIU	1	PAU MING HONG	2,986*	2986
S15	CHO YIU	2	LO WAI LAN	580	580
S15	CHO YIU	3	CHAN TAK CHEUNG	1,230	1230
S16	HING FONG	1	LEUNG KAR MING	2,629	2629
S16	HING FONG	2	NG KIM SING	2,701*	2701
S17	LAI KING	1	CHOW YICK HAY	Uncontested	NA
S18	KWAI SHING WEST ESTATE	1	LAU MEI LO	3,157*	3157
S18	KWAI SHING WEST ESTATE	2	LEUNG CHING SHAN	2,146	2146
S19	ON HO	1	TAM WAI CHUN	3,021*	3021
S19	ON HO	2	LAU SIU HANG	2,667	2667
S20	WAI YING	1	MAK MEI KUEN ALICE	Uncontested	NA
S21	TSING YI ESTATE	1	CHENG HIU LING(ELAINE)	1,311	1311
S21	TSING YI ESTATE	2	CHIU CHIT UE(UNY)	655	655
S21	TSING YI ESTATE	3	YU LAP ON	54	54
S21	TSING YI ESTATE	4	CHAN SIU MAN SIMON	2,419*	2419
S22	GREENFIELD	1	CHEUNG WAI CHING CLARICE	3,467*	3467
S22	GREENFIELD	2	POON SIU PING NANCY	578	578
S23	CHEUNG CHING	1	LEE CHI KEUNG ALAN	3,223*	3223
S23	CHEUNG CHING	2	WONG KWONG MO	1,273	1273
S24	CHEUNG HONG	1	TSUI HIU KIT	Uncontested	NA
S25	SHING HONG	1	FU MOON FONG FERDINAND	990	990
S25	SHING HONG	2	LEUNG WAI MAN	2,345*	2345
S26	TSING YI SOUTH	1	IP YAM SHEK JOHNATHAN	1,654	1654
S26	TSING YI SOUTH	2	POON CHI SHING	3,214*	3214
S27	CHEUNG HANG	1	LUI KO WAI	165	165
S27	CHEUNG HANG	2	LAM LAP CHI	1,838	1838
S27	CHEUNG HANG	3	LO YUEN TING	2,814*	2814
S27	CHEUNG HANG	4	HA LUNG WAN	168	168
S28	CHING FAT	1	WONG KIN LONG	233	233
S28	CHING FAT	2	LAU CHI KIT	2,283	2283
S28	CHING FAT	3	LEE HON SAM	282	282
S28	CHING FAT	4	LAM CHUI LING NANCY	2,648*	2648
S29	CHEUNG ON	1	LAW KING SHING	2,359*	2359
S29	CHEUNG ON	2	WONG CHUN KIT	1,467	1467
S29	CHEUNG ON	3	HO CHI WAI	554	554
T01	LANTAU	1	YU HON KWAN(RANDY)	1,895*	1895
T01	LANTAU	2	LAU KING CHEUNG	653	653
T01	LANTAU	3	YUEN YUK WAH	727	727
T01	LANTAU	4	TAM SAU NGOR	486	486
T02	YAT TUNG ESTATE NORTH	1	LEUNG HON WAI(JIMMY)	900	900
T02	YAT TUNG ESTATE NORTH	2	TANG KA PIU	3,061*	3061
T03	YAT TUNG ESTATE SOUTH	1	LO KWONG SHING ANDY	2,001	2001
T03	YAT TUNG ESTATE SOUTH	2	KWOK PING	2,469*	2469
T04	TUNG CHUNG NORTH	1	FU HIU LAM SAMMI	1,929*	1929
T04	TUNG CHUNG NORTH	2	YU CHUN CHEUNG PETER	1,897	1897
T05	TUNG CHUNG SOUTH	1	WONG CHUN YEUNG	1,917	1917
T05	TUNG CHUNG SOUTH	2	CHOW HO DING HOLDEN	2,161*	2161
T06	DISCOVERY BAY	1	CHIU TAK WAI(FRANCIS)	860	860
T06	DISCOVERY BAY	2	YUNG WING SHEUNG AMY(AMY YUNG)	1,176*	1176
T06	DISCOVERY BAY	3	HU ZILIANG(JIMMY)	113	113
T07	PENG CHAU & HEI LING CHAU	1	TSANG SAU HO JOSEPHINE	Uncontested	NA
T08	LAMMA & PO TOI	1	YU LAI FAN	Uncontested	NA
T09	CHEUNG CHAU SOUTH	1	LAM KIT SING	460	460
T09	CHEUNG CHAU SOUTH	2	LEUNG KWOK HO	838	838
T09	CHEUNG CHAU SOUTH	3	KWONG KOON WAN	1,487*	1487
T10	CHEUNG CHAU NORTH	1	LEE KWAI CHUN	1,681*	1681
T10	CHEUNG CHAU NORTH	2	KWONG WAI KUEN	480	480
